Date,OCAvg,MA,Returns
2010-02-23,7.09,7.088214285714287,0.0009073495934533169
2010-02-24,7.125,7.093928571428572,0.0008058424006970286
2010-02-25,7.13,7.107142857142857,0.0018610271196278852
2010-02-26,7.27,7.131428571428572,0.003411260456570583
2010-03-01,7.404999999999999,7.163214285714287,0.004447227816892797
2010-03-02,7.48,7.196785714285715,0.004675694948927386
2010-03-03,7.470000000000001,7.231428571428572,0.004802108289985731
2010-03-04,7.5,7.265000000000001,0.004631690960581404
2010-03-05,7.75,7.3100000000000005,0.006174976739440978
2010-03-08,7.84,7.353214285714286,0.005894261651762019
2010-03-09,7.88,7.3975,0.0060045698787784115
2010-03-10,8.01,7.453571428571429,0.007551198615723615
2010-03-11,8.025,7.512142857142858,0.00782745500872743
2010-03-12,8.105,7.577142857142858,0.008615437905615433
2010-03-15,8.02,7.643571428571429,0.008728761601357438
2010-03-16,8.015,7.707142857142857,0.008282584225179232
2010-03-17,8.015,7.770357142857144,0.008168585006076966
2010-03-18,8.01,7.823214285714287,0.006779376429796528
2010-03-19,7.984999999999999,7.864642857142859,0.005281622258193441
2010-03-22,7.949999999999999,7.898214285714287,0.004259567796234837
2010-03-23,8.11,7.943928571428573,0.005771241051303118
2010-03-24,8.16,7.99107142857143,0.005916911789325934
2010-03-25,8.17,8.02107142857143,0.003747160560666521
2010-03-26,8.215,8.047857142857143,0.0033338550203885005
2010-03-29,8.31,8.078571428571431,0.003809190946000462
2010-03-30,8.434999999999999,8.108928571428573,0.0037506938619398726
2010-03-31,8.4,8.135714285714288,0.0032977934691217365
2010-04-01,8.455,8.160714285714286,0.0030681593211774054
2010-04-05,8.455,8.191785714285716,0.0038002098718650716
2010-04-06,8.530000000000001,8.22857142857143,0.0044805086156118135
2010-04-07,8.575,8.26857142857143,0.00484933406143765
2010-04-08,8.58,8.309285714285716,0.004911897505446668
2010-04-09,8.629999999999999,8.355357142857143,0.00552925692360468
2010-04-12,8.65,8.405357142857143,0.00596635053492618
2010-04-13,8.65,8.443928571428573,0.004578413186516815
2010-04-14,8.765,8.487142857142858,0.005104742453872658
2010-04-15,8.835,8.53464285714286,0.005581097552745167
2010-04-16,8.86,8.580714285714288,0.005383649252943273
2010-04-19,8.82,8.617142857142857,0.0042364145263619184
2010-04-20,8.81,8.643928571428573,0.003103600595977548
2010-04-21,9.25,8.704642857142858,0.006999369813945873
2010-04-22,9.370000000000001,8.770000000000001,0.007480261329781086
2010-04-23,9.620000000000001,8.853214285714285,0.009443782821906888
2010-04-26,9.665,8.934285714285716,0.009115613768383367
2010-04-27,9.455,8.997142857142858,0.007010863643183364
2010-04-28,9.370000000000001,9.053571428571429,0.0062522462384686645
2010-04-29,9.49,9.115,0.0067620952745923585
2010-04-30,9.469999999999999,9.17357142857143,0.0064052710790794935
2010-05-03,9.465,9.231785714285715,0.006325819095765226
2010-05-04,9.315000000000001,9.27107142857143,0.004246454806082208
2010-05-05,9.09,9.289285714285715,0.001962709167848689
2010-05-06,8.93,9.294285714285715,0.0005381097104903374
2010-05-07,8.559999999999999,9.275714285714287,-0.002000154524810048
2010-05-10,9.004999999999999,9.289642857142857,0.0015004908265118628
2010-05-11,9.075,9.277142857142858,-0.0013464906722074205
2010-05-12,9.309999999999999,9.272857142857143,-0.00046207162932267637
2010-05-13,9.315000000000001,9.251071428571427,-0.002352171057690081
2010-05-14,9.085,9.209642857142857,-0.00448830314310804
2010-05-17,9.09,9.183571428571428,-0.0028348983083670053
2010-05-18,9.094999999999999,9.16392857142857,-0.0021412033953028347
2010-05-19,8.89,9.12107142857143,-0.004687691696724429
2010-05-20,8.565000000000001,9.056428571428572,-0.00711243346427343
2010-05-21,8.48,8.98607142857143,-0.007799085435372009
2010-05-24,8.82,8.950714285714286,-0.003942421927290983
2010-05-25,8.655000000000001,8.919642857142858,-0.0034774302084759653
2010-05-26,8.825,8.912142857142856,-0.0008411945457877729
2010-05-27,9.0,8.943571428571428,0.0035202852579263393
2010-05-28,9.215,8.958571428571428,0.0016757774340184545
2010-06-01,9.295,8.974285714285712,0.0017525695555708294
2010-06-02,9.44,8.983571428571427,0.001034167388618409
2010-06-03,9.435,8.992142857142856,0.0009536677191037011
2010-06-04,9.18,8.99892857142857,0.0007543424675322163
2010-06-07,9.09,8.99892857142857,0.0
2010-06-08,8.969999999999999,8.989999999999998,-0.0009926741469125885
2010-06-09,8.835,8.986071428571428,-0.0004370889943028713
2010-06-10,8.844999999999999,9.006071428571428,0.0022231935791581824
2010-06-11,8.96,9.040357142857141,0.003799727508545549
2010-06-14,9.11,9.061071428571427,0.00228869171010692
2010-06-15,9.2,9.099999999999998,0.004287041235767677
2010-06-16,9.43,9.143214285714285,0.004737582518634687
2010-06-17,9.685,9.192142857142857,0.005337085848875939
2010-06-18,9.754999999999999,9.230714285714285,0.004187351031526386
2010-06-21,9.785,9.265714285714285,0.003784518902017274
2010-06-22,9.75,9.287857142857144,0.002386911624111345
2010-06-23,9.745000000000001,9.31,0.002381227841005798
2010-06-24,9.645,9.343214285714286,0.0035612436879518625
2010-06-25,9.585,9.37857142857143,0.0037771167165644936
2010-06-28,9.555,9.420357142857144,0.004445549430564302
2010-06-29,9.29,9.452857142857143,0.003444037844598467
2010-06-30,9.075,9.469285714285714,0.0017364392268449543
2010-07-01,8.975,9.470357142857141,0.00011314137026258264
2010-07-02,8.885,9.454285714285712,-0.0016984661276095922
2010-07-06,8.920000000000002,9.434285714285712,-0.002117683441538854
2010-07-07,9.094999999999999,9.41035714285714,-0.0025395635746821967
2010-07-08,9.295,9.382499999999997,-0.002964654394893094
2010-07-09,9.219999999999999,9.344285714285713,-0.0040812491092305616
2010-07-12,9.21,9.303214285714285,-0.004405040352348461
2010-07-13,9.07,9.254642857142855,-0.005234606464174496
2010-07-14,8.969999999999999,9.199285714285711,-0.005999514811965044
2010-07-15,8.925,9.14785714285714,-0.0056061814665986
2010-07-16,8.985,9.104999999999995,-0.004695946643150691
2010-07-19,8.844999999999999,9.05428571428571,-0.005585507972109883
2010-07-20,8.84,9.022142857142853,-0.003556332036836077
2010-07-21,9.275,9.036428571428567,0.0015821536406942288
2010-07-22,9.225,9.054285714285712,0.0019741783961418893
2010-07-23,9.23,9.078928571428568,0.0027179817019945276
2010-07-26,9.274999999999999,9.10428571428571,0.00278907336143336
2010-07-27,9.375,9.124285714285708,0.002194358247294873
2010-07-28,9.370000000000001,9.129642857142851,0.0005869578145859547
2010-07-29,9.265,9.132857142857137,0.000352009390551762
2010-07-30,9.165,9.129642857142851,-0.0003520093905517518
2010-08-02,9.325,9.147857142857136,0.0019930834899513057
2010-08-03,9.335,9.173928571428565,0.002845950342938701
2010-08-04,9.39,9.207142857142852,0.0036139701642228447
2010-08-05,9.35,9.233214285714281,0.002827650868241256
2010-08-06,9.285,9.264642857142851,0.0033980802671201822
2010-08-09,9.344999999999999,9.30071428571428,0.003885890660133695
2010-08-10,9.27,9.300357142857138,-3.840024576627556e-05
2010-08-11,9.03,9.286428571428567,-0.001498760920793147
2010-08-12,8.9,9.26285714285714,-0.002541493146656535
2010-08-13,8.945,9.23928571428571,-0.002547968795382616
2010-08-16,8.84,9.201071428571424,-0.004144642115351717
2010-08-17,8.965,9.172142857142854,-0.0031489966735038636
2010-08-18,9.024999999999999,9.154999999999998,-0.0018707621014497939
2010-08-19,8.975,9.141428571428568,-0.0014835060304186154
2010-08-20,8.915,9.112142857142853,-0.0032087681611155544
2010-08-23,8.885,9.079999999999997,-0.003533711321738117
2010-08-24,8.620000000000001,9.024999999999997,-0.006075688394257272
2010-08-25,8.585,8.97035714285714,-0.006073013683639613
2010-08-26,8.675,8.926785714285712,-0.004869102850929418
2010-08-27,8.63,8.875714285714283,-0.005737572664086338
2010-08-30,8.629999999999999,8.829999999999997,-0.0051638004044206355
2010-08-31,8.66,8.803571428571427,-0.0029975313083275943
2010-09-01,8.89,8.80285714285714,-8.113919433242999e-05
2010-09-02,8.99,8.806071428571428,0.0003650745401060437
2010-09-03,9.175,8.83,0.002713595962554291
2010-09-07,9.190000000000001,8.84607142857143,0.0018184394722570436
2010-09-08,9.335,8.868214285714286,0.0025000013020844273
2010-09-09,9.435,8.901071428571429,0.0036981993349081313
2010-09-10,9.405000000000001,8.936071428571429,0.003924400359367807
2010-09-13,9.515,8.981071428571429,0.0050231328709320336
2010-09-14,9.54,9.046785714285715,0.007290336976536969
2010-09-15,9.615,9.120357142857143,0.008099438788539033
2010-09-16,9.765,9.198214285714284,0.00850040211589596
2010-09-17,9.875,9.287142857142856,0.00962158932467367
2010-09-20,9.989999999999998,9.384285714285713,0.010405602688004245
2010-09-21,10.135000000000002,9.489642857142856,0.011164420465329136
2010-09-22,10.19,9.582499999999998,0.009737539958175636
2010-09-23,10.275,9.674285714285713,0.009532889937048311
2010-09-24,10.434999999999999,9.76428571428571,0.009260005905023783
2010-09-27,10.45,9.85428571428571,0.009175044338736288
2010-09-28,10.33,9.92535714285714,0.007186351639424624
2010-09-29,10.26,9.98428571428571,0.005919618340918168
2010-09-30,10.225000000000001,10.04285714285714,0.005849221327581652
2010-10-01,10.155000000000001,10.088571428571425,0.004541591683621281
2010-10-04,10.004999999999999,10.12178571428571,0.003286860829021616
2010-10-05,10.195,10.16321428571428,0.004084656547155444
2010-10-06,10.335,10.203928571428568,0.0039980413779597
2010-10-07,10.35,10.23785714285714,0.003319534120801756
2010-10-08,10.46,10.271428571428569,0.0032737813518221503
2010-10-11,10.54,10.30035714285714,0.0028124530265711202
2010-10-12,10.605,10.329999999999997,0.0028737144332883426
2010-10-13,10.72,10.36178571428571,0.003072305090230502
2010-10-14,10.785,10.38678571428571,0.0024098056277578462
2010-10-15,11.11,10.433928571428567,0.0045284649757064786
2010-10-18,11.364999999999998,10.507857142857137,0.007060417821619652
2010-10-19,10.945,10.55678571428571,0.0046455721804271105
2010-10-20,11.065,10.61678571428571,0.005667457736424944
2010-10-21,11.105,10.684642857142851,0.006371156954615566
2010-10-22,11.01,10.756428571428566,0.006696118965140281
2010-10-25,11.035,10.816428571428565,0.005562559869835933
2010-10-26,10.98,10.862499999999994,0.004250348238205006
2010-10-27,10.99,10.90821428571428,0.004199619020499784
2010-10-28,10.95,10.943214285714278,0.0032034546223623866
2010-10-29,10.809999999999999,10.962499999999993,0.001760793463929003
2010-11-01,10.825,10.978214285714278,0.0014324317974895543
2010-11-02,11.005,10.998571428571422,0.0018526047388538907
2010-11-03,11.145,11.024285714285709,0.002335237179553604
2010-11-04,11.32,11.039285714285707,0.0013597075486681972
2010-11-05,11.344999999999999,11.037857142857135,-0.00012941633252182798
2010-11-08,11.355,11.06714285714285,0.0026496929581529254
2010-11-09,11.379999999999999,11.089642857142849,0.0020309812103883377
2010-11-10,11.335,11.106071428571422,0.001480337529779516
2010-11-11,11.280000000000001,11.125357142857137,0.0017349959370887788
2010-11-12,11.145,11.13321428571428,0.0007059880917067268
2010-11-15,10.995000000000001,11.13428571428571,9.623249778886674e-05
2010-11-16,10.844999999999999,11.123928571428566,-0.0009306356270730568
2010-11-17,10.745000000000001,11.10928571428571,-0.0013172057869667777
2010-11-18,10.96,11.119999999999996,0.000963979381226341
2010-11-19,10.975,11.130714285714282,0.0009630510198282771
2010-11-22,11.07,11.13535714285714,0.00041703425097168613
2010-11-23,11.059999999999999,11.129285714285711,-0.0005453874792314705
2010-11-24,11.190000000000001,11.119999999999996,-0.000834697791568344
2010-11-26,11.23,11.11178571428571,-0.0007389677278876364
2010-11-29,11.295,11.107499999999996,-0.00038576526662217366
2010-11-30,11.155,11.091428571428567,-0.0014479465824302974
2010-12-01,11.280000000000001,11.087499999999995,-0.0003542616097984341
2010-12-02,11.35,11.092499999999996,0.0004508566352296627
2010-12-03,11.33,11.105714285714281,0.0011905720978361923
2010-12-06,11.405000000000001,11.134999999999994,0.002633524340567048
2010-12-07,11.46,11.178928571428568,0.003937328027053013
2010-12-08,11.440000000000001,11.228571428571424,0.004430921643463747
2010-12-09,11.46,11.264285714285709,0.0031756139738863777
2010-12-10,11.434999999999999,11.297142857142854,0.0029126848933688845
2010-12-13,11.535,11.330357142857139,0.0029357471721901617
2010-12-14,11.465,11.35928571428571,0.002549937633272705
2010-12-15,11.434999999999999,11.376785714285711,0.0015394043347276196
2010-12-16,11.47,11.39392857142857,0.001505693687645702
2010-12-17,11.469999999999999,11.406428571428568,0.0010964741625781728
2010-12-20,11.5,11.431071428571427,0.0021581054587586374
2010-12-21,11.559999999999999,11.451071428571426,0.001748088473871117
2010-12-22,11.594999999999999,11.468571428571426,0.0015270747026774009
2010-12-23,11.585,11.486785714285713,0.001586931488230201
2010-12-27,11.565,11.498214285714283,0.0009944374479343248
2010-12-28,11.629999999999999,11.51035714285714,0.0010555073623682426
2010-12-29,11.635,11.52428571428571,0.0012093587222127156
2010-12-30,11.59,11.533571428571424,0.0008054273847013284
2010-12-31,11.524999999999999,11.539999999999996,0.0005572238016825443
2011-01-03,11.7,11.55178571428571,0.0010207712348369597
2011-01-04,11.85,11.579285714285708,0.002377755223432576
2011-01-05,11.85,11.608928571428565,0.0025567189370505937
2011-01-06,11.934999999999999,11.642142857142852,0.0028570131410091126
2011-01-07,11.965,11.677499999999995,0.003032393777843133
2011-01-10,12.165,11.724999999999994,0.004059400938217089
2011-01-11,12.26,11.774999999999993,0.00425532557013827
2011-01-12,12.280000000000001,11.823928571428565,0.004146683303095686
2011-01-13,12.34,11.877857142857136,0.004550599278987329
2011-01-14,12.399999999999999,11.937499999999995,0.005008783322284415
2011-01-18,11.969999999999999,11.961785714285709,0.002032338784948747
2011-01-19,12.27,12.007142857142853,0.0037846662075138376
2011-01-20,11.95,12.032857142857138,0.002139292472647742
2011-01-21,11.795,12.05214285714285,0.0016014713230283664
2011-01-24,11.86,12.063571428571423,0.0009478112195838203
2011-01-25,12.1,12.081428571428566,0.0014791589242462541
2011-01-26,12.265,12.111071428571423,0.0024505836087650164
2011-01-27,12.27,12.134999999999994,0.001973810830982138
2011-01-28,12.145,12.147857142857138,0.0010589482104986481
2011-01-31,12.055,12.139999999999997,-0.0006470017577110633
2011-02-01,12.254999999999999,12.139642857142855,-2.9419119487823557e-05
2011-02-02,12.3,12.141071428571426,0.00011767128540033099
2011-02-03,12.274999999999999,12.136428571428569,-0.0003824823148560372
2011-02-04,12.325,12.131071428571426,-0.00044150760846108815
2011-02-07,12.495000000000001,12.168571428571425,0.0030864675658064645
2011-02-08,12.66,12.196428571428568,0.002286653395886616
2011-02-09,12.739999999999998,12.25285714285714,0.0046159771113759955
2011-02-10,12.71,12.318214285714285,0.0053198573115379975
2011-02-11,12.705,12.37857142857143,0.004887863847747298
2011-02-14,12.785,12.4275,0.003944891880388761
2011-02-15,12.84,12.468571428571428,0.003299433482811293
2011-02-16,12.93,12.515714285714285,0.0037738051534571097
2011-02-17,12.780000000000001,12.561071428571427,0.0036174646014099014
2011-02-18,12.665,12.604642857142855,0.003462764586336622
2011-02-22,12.155000000000001,12.597499999999998,-0.0005668452380897359
2011-02-23,12.17,12.588214285714283,-0.000737379500229192
2011-02-24,12.27,12.58785714285714,-2.837161136756389e-05
2011-02-25,12.379999999999999,12.591785714285711,0.0003120434616756052
2011-02-28,12.575,12.597499999999997,0.0004537076499211721
2011-03-01,12.59,12.592499999999998,-0.00039698293494749533
2011-03-02,12.54,12.578214285714282,-0.0011351061124008296
2011-03-03,12.8,12.584642857142853,0.0005109572042585216
2011-03-04,12.86,12.595714285714282,0.0008793703140960034
2011-03-07,12.8,12.596785714285712,8.505932893321518e-05
2011-03-08,12.695,12.586428571428568,-0.0008225434071750055
2011-03-09,12.629999999999999,12.564999999999996,-0.0017039649698252053
2011-03-10,12.425,12.539642857142853,-0.0020201164879901897
2011-03-11,12.45,12.52428571428571,-0.0012254379623843324
2011-03-14,12.620000000000001,12.557499999999996,0.002648480096881856
2011-03-15,12.280000000000001,12.56535714285714,0.000625497575267025
2011-03-16,12.0,12.546071428571425,-0.00153601122474078
2011-03-17,11.989999999999998,12.518214285714283,-0.0022228564296689762
2011-03-18,11.925,12.471785714285714,-0.0037157762983971525
2011-03-21,12.059999999999999,12.43392857142857,-0.0030400390511706875
2011-03-22,12.21,12.410357142857142,-0.0018975337761912771
2011-03-23,12.114999999999998,12.361428571428572,-0.0039503518738261915
2011-03-24,12.265,12.31892857142857,-0.003444037844598744
2011-03-25,12.49,12.296785714285713,-0.0017990835332528019
2011-03-28,12.565,12.287499999999998,-0.0007554187121979114
2011-03-29,12.475,12.27642857142857,-0.0009014379999474331
2011-03-30,12.485,12.280714285714282,0.00034904014315946053
2011-03-31,12.41,12.27785714285714,-0.0002326798916901398
2011-04-01,12.425,12.263928571428568,-0.0011350904197621526
2011-04-04,12.245000000000001,12.261428571428569,-0.00020387063022950426
2011-04-05,12.07,12.266428571428568,0.00040769970569669306
2011-04-06,12.129999999999999,12.276428571428568,0.0008149010928255158
2011-04-07,12.07,12.28678571428571,0.0008433052246722768
2011-04-08,12.055,12.286428571428567,-2.90676549689176e-05
2011-04-11,11.870000000000001,12.262142857142852,-0.001978585375461771
2011-04-12,11.835,12.242142857142852,-0.0016323678783569315
2011-04-13,11.98,12.221785714285707,-0.001664258256510169
2011-04-14,11.915,12.180714285714277,-0.0033661688231480507
2011-04-15,11.8,12.126071428571422,-0.004496106546990969
2011-04-18,11.75,12.074285714285708,-0.004279754470030517
2011-04-19,11.985,12.038571428571421,-0.0029622629635940125
2011-04-20,12.25,12.02714285714285,-0.0009497804346893018
2011-04-21,12.605,12.039999999999992,0.0010684395864155928
2011-04-25,12.559999999999999,12.062499999999991,0.0018670267844293539
2011-04-26,12.575,12.09857142857142,0.0029859152130899663
2011-04-27,12.545,12.128214285714277,0.0024471155427016693
2011-04-28,12.370000000000001,12.14964285714285,0.0017652774597966085
2011-04-29,12.440000000000001,12.177142857142849,0.002260883294410533
2011-05-02,12.43,12.217142857142848,0.003279459486373238
2011-05-03,12.434999999999999,12.259999999999991,0.003501812846588804
2011-05-04,12.46,12.294285714285706,0.002792647847075025
2011-05-05,12.41,12.329642857142849,0.002871773044175974
2011-05-06,12.435,12.374999999999991,0.0036719570554376462
2011-05-09,12.415,12.42249999999999,0.0038310360395845057
2011-05-10,12.47,12.457142857142847,0.0027848373652819233
2011-05-11,12.43,12.46999999999999,0.001031577832324523
2011-05-12,12.370000000000001,12.453214285714278,-0.001346994543422496
2011-05-13,12.254999999999999,12.431428571428564,-0.0017509369113016845
2011-05-16,12.004999999999999,12.390714285714278,-0.0032804840791618353
2011-05-17,11.934999999999999,12.34714285714285,-0.003522655448825371
2011-05-18,12.08,12.326428571428565,-0.0016790670650046315
2011-05-19,12.190000000000001,12.308571428571423,-0.0014497378514091205
2011-05-20,12.05,12.281428571428565,-0.0022076346617804555
2011-05-23,11.86,12.240357142857135,-0.003349794134537058
2011-05-24,11.92,12.201785714285705,-0.0031561439449192337
2011-05-25,11.969999999999999,12.170357142857133,-0.0025790583153474135
2011-05-26,11.98,12.137857142857133,-0.0026739948054804916
2011-05-27,12.005,12.10857142857142,-0.0024156735859703535
2011-05-31,12.3,12.096428571428563,-0.0010033346962629137
2011-06-01,12.4,12.094285714285705,-0.00017716361105778912
2011-06-02,12.370000000000001,12.094285714285705,0.0
2011-06-03,12.265,12.09499999999999,5.9058024526063515e-05
2011-06-06,12.21,12.109642857142848,0.0012099215027133728
2011-06-07,11.969999999999999,12.112142857142848,0.00020642573907357436
2011-06-08,11.86,12.096428571428563,-0.00129824165525527
2011-06-09,11.870000000000001,12.073571428571421,-0.0018913653016942615
2011-06-10,11.725000000000001,12.050357142857134,-0.0019245864379918009
2011-06-13,11.675,12.037142857142848,-0.0010971904132789883
2011-06-14,11.829999999999998,12.030714285714277,-0.0005342039005212021
2011-06-15,11.725,12.013214285714275,-0.0014556691963363468
2011-06-16,11.645,11.989285714285705,-0.00199384058791433
2011-06-17,11.594999999999999,11.959999999999992,-0.002445645288299489
2011-06-20,11.295,11.888214285714275,-0.006020235329803087
2011-06-21,11.465,11.82142857142856,-0.005633647990823826
2011-06-22,11.565,11.763928571428561,-0.004875916321422723
2011-06-23,11.61,11.717142857142846,-0.003984977971836394
2011-06-24,11.745000000000001,11.683928571428561,-0.0028386997680559796
2011-06-27,11.78,11.670357142857132,-0.0011622218093163398
2011-06-28,11.945,11.676428571428561,0.0005201083166306833
2011-06-29,11.965,11.683214285714275,0.0005809775875495965
2011-06-30,11.969999999999999,11.700714285714275,0.001496754765873702
2011-07-01,12.129999999999999,11.733214285714274,0.0027737577792920133
2011-07-05,12.365,11.77142857142856,0.0032516400795391453
2011-07-06,12.510000000000002,11.827499999999988,0.004752040663053413
2011-07-07,12.715,11.90392857142856,0.006441149165543167
2011-07-08,12.735,11.98535714285713,0.00681718890735644
2011-07-11,12.685,12.084642857142844,0.00824979454866555
2011-07-12,12.63,12.16785714285713,0.006862353346985795
2011-07-13,12.795,12.255714285714273,0.007194486037843622
2011-07-14,12.835,12.343214285714273,0.007114160991706879
2011-07-15,12.965,12.430357142857131,0.007035175918204275
2011-07-18,13.2,12.531785714285702,0.008126636420793563
2011-07-19,13.48,12.641428571428559,0.008711128363680277
2011-07-20,13.985,12.785714285714272,0.01134907400155071
2011-07-21,13.825,12.91821428571427,0.010309799396628619
2011-07-22,13.96,13.048928571428558,0.010067752969799738
2011-07-25,14.085,13.1717857142857,0.009371067515167907
2011-07-26,14.35,13.303214285714272,0.00992858553938302
2011-07-27,14.165,13.4067857142857,0.007755293723393569
2011-07-28,13.99,13.496428571428558,0.006664124810369984
2011-07-29,13.895,13.582857142857131,0.006383393256440644
2011-08-01,14.190000000000001,13.694285714285702,0.00817015123949203
2011-08-02,14.045,13.783571428571417,0.006498762116833973
2011-08-03,13.99,13.866071428571416,0.005967545060586577
2011-08-04,13.695,13.918214285714273,0.0037534107513259984
2011-08-05,13.465,13.937142857142845,0.001359061687487665
2011-08-08,12.765,13.886071428571416,-0.0036711420474748705
2011-08-09,13.129999999999999,13.824999999999989,-0.004407734836532826
2011-08-10,13.125,13.77499999999999,-0.0036231923694202838
2011-08-11,13.29,13.727142857142846,-0.003480251805115031
2011-08-12,13.48,13.683928571428558,-0.003153055992653931
2011-08-15,13.625,13.632142857142844,-0.0037915976652292656
2011-08-16,13.61,13.592499999999987,-0.0029122795380414116
2011-08-17,13.620000000000001,13.566071428571416,-0.0019462422639119703
2011-08-18,13.155000000000001,13.513214285714271,-0.0039038850983590685
2011-08-19,12.825,13.415714285714271,-0.007241314914458838
2011-08-22,12.875,13.332142857142843,-0.006248852015874669
2011-08-23,13.105,13.268928571428557,-0.004752771321917641
2011-08-24,13.39,13.247142857142844,-0.0016432086665951935
2011-08-25,13.195,13.227857142857129,-0.001456900298165802
2011-08-26,13.48,13.278928571428557,0.003853465472530552
2011-08-29,13.895,13.333571428571416,0.00410656149806075
2011-08-30,13.899999999999999,13.38892857142856,0.004143117001989392
2011-08-31,13.844999999999999,13.428571428571416,0.002956493783454235
2011-09-01,13.695,13.44392857142856,0.0011429635894673335
2011-09-02,13.370000000000001,13.425714285714275,-0.0013557521848014138
2011-09-06,13.34,13.40642857142856,-0.0014375085664566083
2011-09-07,13.74,13.414999999999988,0.000639147824687551
2011-09-08,13.690000000000001,13.453214285714273,0.002844573969509823
2011-09-09,13.595,13.508214285714274,0.004079908165610352
2011-09-12,13.445,13.54892857142856,0.0030095059673358334
2011-09-13,13.695,13.591071428571416,0.0031055925581530666
2011-09-14,13.86,13.624642857142845,0.0024670633477719174
2011-09-15,14.004999999999999,13.682499999999989,0.004237516149967571
2011-09-16,14.215,13.734999999999989,0.003829675511301117
2011-09-19,14.44,13.77392857142856,0.002830251808125737
2011-09-20,14.8,13.838214285714274,0.004656344910963081
2011-09-21,14.855,13.910357142857132,0.005199764598741833
2011-09-22,14.335,13.956071428571418,0.003280960572718743
2011-09-23,14.370000000000001,14.02749999999999,0.005105047205203591
2011-09-26,14.34,14.09892857142856,0.005079118011964909
2011-09-27,14.43,14.148214285714275,0.003489610581092069
2011-09-28,14.235,14.187142857142845,0.0027477046239067432
2011-09-29,14.149999999999999,14.226785714285702,0.0027903837912171326
2011-09-30,13.725,14.246785714285704,0.001404811710349248
2011-10-03,13.48,14.23142857142856,-0.0010785187716962786
2011-10-04,13.34,14.194285714285703,-0.0026133294599687057
2011-10-05,13.325,14.145714285714275,-0.003427768251891656
2011-10-06,13.405000000000001,14.087857142857132,-0.0040984700778102364
2011-10-07,13.315000000000001,14.00749999999999,-0.0057203303428509
2011-10-10,13.715,13.929999999999989,-0.005548112665588216
2011-10-11,14.16,13.880357142857132,-0.0035701022906895253
2011-10-12,14.455,13.888928571428561,0.0006173316038325207
2011-10-13,14.525,13.89999999999999,0.0007968230317888134
2011-10-14,14.98,13.945714285714274,0.003283401267041925
2011-10-17,15.030000000000001,13.988571428571417,0.003068428305014503
2011-10-18,15.07,14.048214285714275,0.004254620891344907
2011-10-19,14.285,14.05785714285713,0.0006861761200396197
2011-10-20,14.204999999999998,14.092142857142845,0.0024359311715320634
2011-10-21,14.125,14.138214285714273,0.003263966462770857
2011-10-24,14.32,14.208214285714273,0.004938903828023108
2011-10-25,14.34,14.280714285714273,0.00508970748606923
2011-10-26,14.33,14.346785714285703,0.00461594941134612
2011-10-27,14.504999999999999,14.431785714285704,0.005907190173286114
2011-10-28,14.425,14.48249999999999,0.0035079087355274507
2011-10-31,14.415,14.500714285714276,0.0012568853083431658
2011-11-01,14.175,14.480714285714274,-0.0013801944321414157
2011-11-02,14.239999999999998,14.460357142857132,-0.001406799763081461
2011-11-03,14.325,14.413571428571418,-0.0032406920392282473
2011-11-04,14.325,14.363214285714275,-0.003499848437480773
2011-11-07,14.28,14.306785714285704,-0.003936424436274933
2011-11-08,14.434999999999999,14.31749999999999,0.0007486150970969466
2011-11-09,14.149999999999999,14.31357142857142,-0.0002744271350813589
2011-11-10,13.969999999999999,14.302499999999991,-0.0007737909902471252
2011-11-11,13.775,14.26357142857142,-0.002725512720505143
2011-11-14,13.62,14.21214285714285,-0.0036121044641436394
2011-11-15,13.745000000000001,14.170357142857133,-0.0029444724372838945
2011-11-16,13.82,14.121428571428563,-0.003458856977301611
2011-11-17,13.595,14.062142857142847,-0.004207117744575465
2011-11-18,13.46,13.993928571428564,-0.00486272073440153
2011-11-21,13.205,13.924642857142848,-0.0049634241998425385
2011-11-22,13.35,13.86107142857142,-0.004575843459776779
2011-11-23,13.245000000000001,13.783928571428563,-0.005580977202057281
2011-11-25,13.07,13.694285714285707,-0.006524672544486937
2011-11-28,13.365,13.628928571428563,-0.004784010169867467
2011-11-29,13.375,13.553214285714278,-0.005570898654136363
2011-11-30,13.635,13.516428571428563,-0.0027178590514677116
2011-12-01,13.754999999999999,13.50107142857142,-0.0011368294261928816
2011-12-02,13.92,13.511428571428562,0.0007668407859087973
2011-12-05,14.045,13.541785714285703,0.002244254991524136
2011-12-06,13.99,13.559285714285704,0.001291462035251222
2011-12-07,13.915,13.566071428571417,0.0005003225868347022
2011-12-08,13.965,13.592499999999989,0.0019462422639120198
2011-12-09,14.045,13.634285714285701,0.0030694586964086063
2011-12-12,13.99,13.69035714285713,0.004104098089653387
2011-12-13,13.965,13.734285714285702,0.003203586586500704
2011-12-14,13.695,13.766428571428559,0.0023376026852000827
2011-12-15,13.61,13.804999999999987,0.0027979292864160838
2011-12-16,13.594999999999999,13.821428571428557,0.0011893374724600968
2011-12-19,13.655000000000001,13.841428571428557,0.0014459824870216036
2011-12-20,13.995000000000001,13.867142857142843,0.001856053327222219
2011-12-21,14.165,13.896428571428558,0.002109651146482294
2011-12-22,14.205,13.916785714285703,0.0014638470967945827
2011-12-23,14.335,13.93749999999999,0.0014873323082392612
2011-12-27,14.46,13.971071428571419,0.0024058160662097814
2011-12-28,14.455,14.009642857142849,0.00275700274192858
2011-12-29,14.440000000000001,14.04357142857142,0.002418873475664972
2011-12-30,14.435,14.071428571428564,0.0019816576185890935
2012-01-03,14.655,14.118928571428564,0.0033699498528761574
2012-01-04,14.705,14.171785714285706,0.0037367175552556267
2012-01-05,14.875,14.25607142857142,0.00592981460671681
2012-01-06,15.04,14.358214285714277,0.007139321387464211
2012-01-09,15.129999999999999,14.467857142857133,0.00760723750839802
2012-01-10,15.165,14.575714285714275,0.00742729859845943
2012-01-11,15.094999999999999,14.654285714285704,0.0053760942739085734
2012-01-12,15.065000000000001,14.718571428571419,0.0043772259958542925
2012-01-13,14.99,14.774642857142847,0.003802331992958046
2012-01-17,15.16,14.833571428571418,0.003980560845007483
2012-01-18,15.29,14.89285714285713,0.003988759883968288
2012-01-19,15.32,14.954642857142844,0.004140099005842737
2012-01-20,15.14,15.004642857142844,0.0033378663896816967
2012-01-23,15.18,15.05785714285713,0.003540247237835538
2012-01-24,15.094999999999999,15.089285714285703,0.0020850123650672553
2012-01-25,16.09,15.188214285714272,0.006534814530954598
2012-01-26,15.945,15.264642857142844,0.005019478569066769
2012-01-27,15.92,15.327499999999986,0.004109370932659879
2012-01-30,16.05,15.393214285714274,0.004278180860827725
2012-01-31,16.285,15.473214285714274,0.0051836369049781126
2012-02-01,16.33,15.561428571428559,0.00568490661852927
2012-02-02,16.265,15.647142857142844,0.0054930102413010135
2012-02-03,16.375,15.746071428571415,0.006302565771112927
2012-02-06,16.47,15.839642857142845,0.005924938183093105
2012-02-07,16.68,15.93892857142856,0.0062486155213858805
2012-02-08,16.91,16.052499999999988,0.007100145930132921
2012-02-09,17.39,16.213214285714276,0.009962005701590879
2012-02-10,17.575000000000003,16.384285714285703,0.010496080933460591
2012-02-13,17.895,16.584285714285702,0.012132915973513314
2012-02-14,18.11,16.728571428571417,0.008662518253727335
2012-02-15,18.07,16.880357142857132,0.009032525147831072
2012-02-16,17.745,17.010714285714275,0.007692750935421398
2012-02-17,17.95,17.14642857142856,0.00794650773007999
2012-02-21,18.245,17.286428571428562,0.008131812640043428
2012-02-22,18.32,17.42857142857142,0.008189177676209322
2012-02-23,18.42,17.582499999999992,0.008793193522093007
2012-02-24,18.61,17.742142857142852,0.009038672784714843
2012-02-27,18.700000000000003,17.901428571428564,0.008937756137129304
2012-02-28,18.990000000000002,18.066428571428563,0.009174922865554897
2012-02-29,19.355,18.241071428571423,0.00962028253509237
2012-03-01,19.515,18.39285714285714,0.008286666966004844
2012-03-02,19.455,18.527142857142852,0.007274447803804508
2012-03-05,19.259999999999998,18.624642857142852,0.005248750334018056
2012-03-06,18.82,18.675357142857138,0.0027192663251723714
2012-03-07,19.060000000000002,18.746071428571423,0.003779351702188914
2012-03-08,19.23,18.852142857142855,0.0056423802033119955
2012-03-09,19.455,18.959642857142853,0.005686073143852351
2012-03-12,19.66,19.060714285714283,0.005316713163814939
2012-03-13,20.1,19.187857142857144,0.006648265318010992
2012-03-14,20.85,19.361428571428572,0.009005230489905229
2012-03-15,21.16,19.54357142857143,0.009363536200203507
2012-03-16,20.895,19.700357142857143,0.007990359485841116
2012-03-19,21.42,19.87392857142857,0.008771986072837041
2012-03-20,21.525,20.02892857142857,0.007768906323745287
2012-03-21,21.525,20.172499999999996,0.007142633685286272
2012-03-22,21.380000000000003,20.31,0.00679308485176886
2012-03-23,21.369999999999997,20.460714285714285,0.00739329564703496
2012-03-26,21.55,20.655714285714286,0.009485330745393445
2012-03-27,21.799999999999997,20.851428571428574,0.00943046052821212
2012-03-28,22.07,21.054285714285715,0.009681673770606183
2012-03-29,21.835,21.224285714285713,0.008041942310408246
2012-03-30,21.575,21.361071428571424,0.006424094753692765
2012-04-02,21.79,21.48178571428571,0.005635226649782933
2012-04-03,22.439999999999998,21.595357142857136,0.005272944498311256
2012-04-04,22.3,21.676785714285707,0.003763560672873048
2012-04-05,22.509999999999998,21.792142857142853,0.005307580262636598
2012-04-09,22.54,21.87214285714285,0.0036643260370129724
2012-04-10,22.645000000000003,21.952142857142853,0.003650947759164502
2012-04-11,22.54,22.024642857142855,0.0032971971236393843
2012-04-12,22.28,22.08892857142857,0.0029145570268240403
2012-04-13,21.955,22.130714285714284,0.0018899169700748485
2012-04-16,21.255,22.109642857142855,-0.0009525886102945464
2012-04-17,21.225,22.068571428571428,-0.0018593526727204675
2012-04-18,21.825000000000003,22.051071428571426,-0.0007932974876712134
2012-04-19,21.21,22.006428571428568,-0.0020265731111329312
2012-04-20,20.79,21.950357142857143,-0.0025512083321281537
2012-04-23,20.4,21.851071428571426,-0.0045334541620620115
2012-04-24,20.05,21.68035714285714,-0.007843306157171204
2012-04-25,21.89,21.651071428571424,-0.0013517079731848538
2012-04-26,21.82,21.60178571428571,-0.002278958610942144
2012-04-27,21.575,21.532857142857136,-0.0031959754635289086
2012-04-30,21.105,21.42285714285714,-0.005121564954726352
2012-05-01,20.84,21.301428571428566,-0.005684303264895296
2012-05-02,20.825,21.19749999999999,-0.004890889351481928
2012-05-03,20.935000000000002,21.12464285714285,-0.0034429832664467095
2012-05-04,20.4,21.063571428571418,-0.002895191098484962
2012-05-07,20.195,20.989999999999988,-0.003498941998548007
2012-05-08,20.314999999999998,20.882142857142846,-0.005151748826120668
2012-05-09,20.229999999999997,20.81214285714285,-0.0033577774301529546
2012-05-10,20.45,20.78785714285713,-0.001167582550224692
2012-05-11,20.21,20.774285714285703,-0.0006530668594457779
2012-05-14,20.015,20.771785714285702,-0.00012034832257564757
2012-05-15,19.905,20.62999999999999,-0.006849282760861381
2012-05-16,19.645,20.474642857142843,-0.007559140370741905
2012-05-17,19.205,20.30535714285713,-0.008302436816890735
2012-05-18,19.005000000000003,20.155357142857127,-0.007414633669096586
2012-05-21,19.57,20.064642857142843,-0.0045109119611084925
2012-05-22,20.115000000000002,20.013928571428558,-0.002530744533747244
2012-05-23,20.145,19.957499999999985,-0.002823447193758648
2012-05-24,20.380000000000003,19.956071428571416,-7.158324239343532e-05
2012-05-25,20.119999999999997,19.950714285714273,-0.0002684828052891791
2012-05-29,20.415,19.957857142857133,0.0003579610576598731
2012-05-30,20.505,19.97749999999999,0.000983732718686883
2012-05-31,20.685,19.994285714285702,0.0008398781776931047
2012-06-01,20.185,19.99249999999999,-8.931522026600506e-05
2012-06-04,20.1,19.99857142857142,0.00030363920751284607
2012-06-05,20.075000000000003,20.010714285714275,0.0006070019646142981
2012-06-06,20.345,20.06071428571428,0.002495544967148372
2012-06-07,20.520000000000003,20.15464285714285,0.0046712872346518315
2012-06-08,20.57,20.266428571428566,0.0055310755168663725
2012-06-11,20.695,20.34678571428571,0.003957197140512794
2012-06-12,20.549999999999997,20.377857142857135,0.001525927910992768
2012-06-13,20.475,20.401428571428568,0.0011560492433219157
2012-06-14,20.405,20.403214285714284,8.752505410281773e-05
2012-06-15,20.445,20.42642857142857,0.0011371291341915322
2012-06-18,20.655,20.443571428571428,0.0008388968998390233
2012-06-19,20.91,20.4725,0.0014140446645445938
2012-06-20,20.965000000000003,20.492500000000003,0.0009764433828426034
2012-06-21,20.77,20.534285714285716,0.0020369974399345654
2012-06-22,20.735,20.579642857142858,0.0022064133900123162
2012-06-25,20.5,20.610000000000003,0.001474018527372162
2012-06-26,20.415,20.615000000000002,0.00024257125649571412
2012-06-27,20.53,20.615714285714287,3.464823380980043e-05
2012-06-28,20.37,20.601428571428574,-0.0006931928740073345
2012-06-29,20.75,20.605357142857144,0.0001906759468069493
2012-07-02,21.02,20.638928571428572,0.001627931501499626
2012-07-03,21.33,20.699999999999996,0.002954671304350655
2012-07-05,21.615000000000002,20.78642857142857,0.004166600955641299
2012-07-06,21.66,20.873214285714287,0.004166422651610923
2012-07-09,21.770000000000003,20.952857142857145,0.0038082923247752375
2012-07-10,21.895,21.023214285714285,0.003352253145651163
2012-07-11,21.619999999999997,21.07,0.0022229584670958673
2012-07-12,21.415,21.116071428571434,0.002184201814841429
2012-07-13,21.57,21.17571428571429,0.002820542839516198
2012-07-16,21.645,21.2575,0.0038548018073554283
2012-07-17,21.744999999999997,21.3525,0.0044590545603547214
2012-07-18,21.655,21.43285714285715,0.0037562962054437524
2012-07-19,21.884999999999998,21.54107142857143,0.005036286792579957
2012-07-20,21.735,21.611428571428576,0.0032608634587000156
2012-07-23,21.4,21.63857142857143,0.001255161188731844
2012-07-24,21.575000000000003,21.656071428571433,0.0008084141500283626
2012-07-25,20.525,21.57821428571429,-0.0036016428042373533
2012-07-26,20.62,21.50392857142857,-0.0034485651353460336
2012-07-27,20.72,21.42892857142857,-0.003493831125344081
2012-07-30,21.175,21.3775,-0.002402844520748367
2012-07-31,21.674999999999997,21.381428571428575,0.0001837544377693034
2012-08-01,21.835,21.41142857142857,0.001402103384430671
2012-08-02,21.62,21.415,0.0001667861971609939
2012-08-03,21.955,21.437142857142856,0.001033453994935022
2012-08-06,22.14,21.46535714285714,0.0013152748572563817
2012-08-07,22.21,21.504999999999995,0.0018451263161737995
2012-08-08,22.130000000000003,21.522499999999997,0.0008134333142731058
2012-08-09,22.12,21.549999999999994,0.0012769169997839621
2012-08-10,22.15,21.603571428571424,0.002482828387907969
2012-08-13,22.380000000000003,21.661071428571425,0.002658061181476465
2012-08-14,22.564999999999998,21.806785714285713,0.006704486538552401
2012-08-15,22.54,21.943928571428568,0.006269305933510735
2012-08-16,22.634999999999998,22.080714285714286,0.006214072190924088
2012-08-17,23.005,22.21142857142857,0.005902386146580812
2012-08-20,23.485,22.340714285714284,0.005803809599340103
2012-08-21,23.695,22.47357142857143,0.005929249120739876
2012-08-22,23.630000000000003,22.617142857142856,0.0063681365902080725
2012-08-23,23.73,22.743928571428572,0.005590081559068954
2012-08-24,23.62,22.84964285714286,0.004637253535661123
2012-08-27,24.21,22.992500000000003,0.006232588460988556
2012-08-28,24.105,23.133571428571432,0.006116795298326709
2012-08-29,24.085,23.273928571428574,0.006048917559542177
2012-08-30,23.83,23.393928571428575,0.0051427372853230175
2012-08-31,23.795,23.495000000000005,0.004311106616871342
2012-09-04,23.945,23.593571428571433,0.004186645275527229
2012-09-05,24.035,23.700357142857147,0.004515839516105065
2012-09-06,24.095,23.804642857142863,0.004390522336985454
2012-09-07,24.259999999999998,23.894285714285722,0.0037586992146699093
2012-09-10,23.985,23.930000000000007,0.0014935630222155697
2012-09-11,23.67,23.928214285714294,-7.462519499290011e-05
2012-09-12,23.87,23.94535714285715,0.0007161720909480728
2012-09-13,24.29,23.98535714285715,0.0016690762857239638
2012-09-14,24.665,24.06000000000001,0.003107185444571817
2012-09-17,24.985,24.115357142857157,0.002298152852591477
2012-09-18,25.035,24.181785714285727,0.0027508299409829194
2012-09-19,25.045,24.25035714285716,0.002831651475436834
2012-09-20,24.96,24.331071428571445,0.003322848353939599
2012-09-21,25.045,24.42035714285716,0.003662900420755778
2012-09-24,24.6,24.467142857142875,0.0019140159987249782
2012-09-25,24.314999999999998,24.487142857142874,0.0008170888746881005
2012-09-26,23.82,24.467500000000012,-0.0008024921458149968
2012-09-27,24.025,24.450714285714298,-0.0006862766840374988
2012-09-28,24.034999999999997,24.454285714285724,0.00014605576435021742
2012-10-01,23.759999999999998,24.460714285714293,0.0002628466305050629
2012-10-02,23.630000000000003,24.443571428571435,-0.0007010779359980573
2012-10-03,23.865000000000002,24.413214285714293,-0.001242699302462693
2012-10-04,23.89,24.357857142857146,-0.002270082038724764
2012-10-05,23.535,24.254285714285718,-0.0042611404969617244
2012-10-08,22.945,24.105,-0.00617404439692294
2012-10-09,22.759999999999998,23.941785714285714,-0.006793999269541968
2012-10-10,22.87,23.7925,-0.006254883623682237
2012-10-11,22.759999999999998,23.629285714285714,-0.006883542140923229
2012-10-12,22.485,23.478214285714284,-0.006413923323220479
2012-10-15,22.625,23.357499999999998,-0.0051548078152442115
2012-10-16,22.950000000000003,23.295357142857142,-0.0026640552241363937
2012-10-17,23.095,23.228928571428575,-0.0028556533668850676
2012-10-18,22.715,23.134642857142858,-0.004067238193983751
2012-10-19,22.16,23.020357142857144,-0.004952267267103495
2012-10-22,22.255000000000003,22.92214285714286,-0.004275537261974273
2012-10-23,22.225,22.805000000000003,-0.005123570207226765
2012-10-24,22.11,22.677857142857146,-0.005590818005179591
2012-10-25,21.955,22.565,-0.004988958879519733
2012-10-26,21.67,22.473928571428576,-0.004044126074153345
2012-10-31,21.255000000000003,22.366428571428575,-0.004794797044556362
2012-11-01,21.33,22.256428571428575,-0.004930218720080398
2012-11-02,20.94,22.126428571428573,-0.0058581344304562835
2012-11-05,20.86,22.010357142857146,-0.0052596352123925275
2012-11-06,20.95,21.89071428571429,-0.00545058010902617
2012-11-07,20.21,21.695,-0.00898072243798539
2012-11-08,19.615000000000002,21.446428571428573,-0.011523687905479703
2012-11-09,19.42,21.211071428571433,-0.01103484878848843
2012-11-12,19.59,21.0275,-0.008692177701890609
2012-11-13,19.32,20.817857142857143,-0.010019969978155071
2012-11-14,19.325000000000003,20.610714285714284,-0.010000083334583422
2012-11-15,18.985,20.387499999999996,-0.010889083594584738
2012-11-16,18.805,20.162499999999998,-0.01109752449580488
2012-11-19,19.755,20.025714285714283,-0.006807281434461918
2012-11-20,20.23,19.952499999999997,-0.00366271324883847
2012-11-21,20.104999999999997,19.865000000000002,-0.004395059501464398
2012-11-23,20.335,19.821785714285713,-0.0021777678396363615
2012-11-26,20.810000000000002,19.818214285714284,-0.0001801931675627838
2012-11-27,20.975,19.82,9.01006424786865e-05
2012-11-28,20.72,19.856428571428577,0.0018362833035351282
2012-11-29,21.064999999999998,19.960000000000004,0.005202458677940963
2012-11-30,20.93,20.067857142857147,0.005389117059630676
2012-12-03,21.07,20.17357142857143,0.005254014713246695
2012-12-04,20.675,20.270357142857147,0.00478617693503842
2012-12-05,19.78,20.302857142857146,0.0016020425062792457
2012-12-06,19.215,20.319285714285716,0.0008088481389090639
2012-12-07,19.4,20.361785714285713,0.00208942458835941
2012-12-10,18.835,20.296071428571427,-0.0032325531916886745
2012-12-11,19.310000000000002,20.23035714285714,-0.003243036488799547
2012-12-12,19.405,20.18035714285714,-0.0024745925133378144
2012-12-13,18.945,20.081071428571427,-0.004932061234329515
2012-12-14,18.295,19.90142857142857,-0.008986134733806007
2012-12-17,18.355,19.714285714285715,-0.009447980560928776
2012-12-18,18.91,19.585000000000004,-0.00657956898409663
2012-12-19,18.89,19.42964285714286,-0.007964084898775608
2012-12-20,18.78,19.276071428571434,-0.0079353778775851
2012-12-21,18.425,19.08714285714286,-0.009849544795944498
2012-12-24,18.58,18.937500000000004,-0.00787087627590145
2012-12-26,18.43,18.841071428571436,-0.0051049458566904725
2012-12-27,18.365000000000002,18.780357142857152,-0.0032276466220636014
2012-12-28,18.21,18.69535714285715,-0.004536278887789169
2012-12-31,18.62,18.68000000000001,-0.0008217791023476713
2013-01-02,19.695,18.70750000000001,0.0014710801716799648
2013-01-03,19.465,18.711785714285725,0.0002290644635591254
2013-01-04,19.0,18.715714285714295,0.00020992967433038003
2013-01-07,18.675,18.742857142857154,0.001449220344409546
2013-01-08,18.83,18.776785714285722,0.0018085769529297853
2013-01-09,18.564999999999998,18.752142857142864,-0.0013132728070144287
2013-01-10,18.79,18.745000000000008,-0.0003809814127154162
2013-01-11,18.595,18.731785714285724,-0.0007051984854119039
2013-01-14,17.935000000000002,18.69678571428572,-0.0018702295527678581
2013-01-15,17.575000000000003,18.625000000000007,-0.003846857884072345
2013-01-16,17.87,18.585000000000008,-0.0021499605164076686
2013-01-17,18.09,18.56535714285715,-0.0010574788768685677
2013-01-18,17.83,18.538214285714293,-0.0014630862172925823
2013-01-22,18.025,18.49571428571429,-0.002295193639812006
2013-01-23,18.265,18.39357142857143,-0.005537820329311348
2013-01-24,16.259999999999998,18.16464285714286,-0.012524220249655101
2013-01-25,15.92,17.94464285714286,-0.012185382116512405
2013-01-28,15.855,17.743214285714288,-0.01128847325380415
2013-01-29,16.375,17.567857142857147,-0.009932215439869371
2013-01-30,16.32,17.407500000000002,-0.00916978579152551
2013-01-31,16.295,17.22928571428572,-0.010290554086391191
2013-02-01,16.299999999999997,17.065357142857145,-0.009560083225425637
2013-02-04,16.005000000000003,16.927500000000002,-0.008110992145084601
2013-02-05,16.105,16.8225,-0.00622224229732737
2013-02-06,16.314999999999998,16.711428571428574,-0.006624445120769544
2013-02-07,16.63,16.607142857142858,-0.006259935547414166
2013-02-08,16.945,16.543928571428573,-0.003813714586473707
2013-02-11,17.08,16.47642857142857,-0.004088392728738214
2013-02-12,16.92,16.380357142857143,-0.00584790631647977
2013-02-13,16.685000000000002,16.410714285714285,0.0018515498400771746
2013-02-14,16.625,16.46107142857143,0.0030638543757593867
2013-02-15,16.585,16.513214285714287,0.0031626401892068364
2013-02-19,16.45,16.51857142857143,0.0003243629000533661
2013-02-20,16.19,16.509285714285717,-0.0005622959122179266
2013-02-21,15.93,16.48321428571429,-0.0015804461012785844
2013-02-22,16.07,16.466785714285717,-0.000997181959934188
2013-02-25,16.01,16.467142857142857,2.168844548138898e-05
2013-02-26,15.940000000000001,16.455357142857146,-0.0007159671828789321
2013-02-27,15.95,16.429285714285715,-0.001585629751074687
2013-02-28,15.809999999999999,16.37071428571429,-0.003571432367597022
2013-03-01,15.504999999999999,16.267857142857146,-0.006302817731247861
2013-03-04,15.14,16.129285714285718,-0.008554598425517366
2013-03-05,15.225000000000001,16.008214285714292,-0.007534624743392314
2013-03-06,15.36,15.913571428571434,-0.005929689228725701
2013-03-07,15.27,15.81678571428572,-0.006100531047816541
2013-03-08,15.385,15.731071428571434,-0.0054339346243262735
2013-03-11,15.495000000000001,15.662857142857149,-0.004345706075758948
2013-03-12,15.43,15.608571428571436,-0.0034719084670133847
2013-03-13,15.3,15.563571428571436,-0.0028871952413303983
2013-03-14,15.455,15.519642857142866,-0.002826515962662575
2013-03-15,15.745000000000001,15.500714285714295,-0.0012203968955419881
2013-03-18,16.025,15.506785714285725,0.0003916103296958583
2013-03-19,16.32,15.533214285714296,0.0017028722818929402
2013-03-20,16.244999999999997,15.564285714285726,0.0019983239110037553
2013-03-21,16.125,15.60857142857144,0.0028413015769427094
2013-03-22,16.369999999999997,15.696428571428584,0.00561299303776959
2013-03-25,16.58,15.793214285714297,0.006147165244135709
2013-03-26,16.545,15.877857142857152,0.005345133893396116
2013-03-27,16.225,15.946071428571438,0.004286987386413146
2013-03-28,15.940000000000001,15.985714285714295,0.002482972788593321
2013-04-01,15.55,15.989642857142867,0.0002457249456692001
2013-04-02,15.309999999999999,15.981071428571438,-0.0005362050218957201
2013-04-03,15.42,15.989642857142865,0.0005362050218955788
2013-04-04,15.385,15.984642857142862,-0.00031275132057285445
2013-04-05,15.135,15.941071428571433,-0.002729552437495548
2013-04-08,15.195,15.881785714285718,-0.00372598743149316
2013-04-09,15.24,15.804642857142863,-0.004869151433810482
2013-04-10,15.425,15.746071428571435,-0.003712847533408644
2013-04-11,15.5,15.701428571428577,-0.0028392010259591237
2013-04-12,15.43,15.63428571428572,-0.004285395206568644
2013-04-15,15.120000000000001,15.530000000000005,-0.0066926676583314035
2013-04-16,15.14,15.429642857142861,-0.006483117058398755
2013-04-17,14.7,15.320714285714288,-0.007084732482752296
2013-04-18,14.23,15.19857142857143,-0.008004349146483566
2013-04-19,13.905,15.08107142857143,-0.007761028777042245
2013-04-22,14.129999999999999,14.996785714285716,-0.005604517270458764
2013-04-23,14.465,14.92857142857143,-0.00455897007590783
2013-04-24,14.265,14.848571428571432,-0.005373261824569755
2013-04-25,14.64,14.81321428571429,-0.002384020971893397
2013-04-26,14.77,14.782857142857148,-0.002051431290573852
2013-04-29,15.19,14.779285714285718,-0.0002416217664641843
2013-04-30,15.675,14.79714285714286,0.001207525444381164
2013-05-01,15.78,14.81714285714286,0.0013506996747181853
2013-05-02,15.844999999999999,14.846785714285717,0.001998579988379253
2013-05-03,16.095,14.916428571428574,0.004679802629896638
2013-05-06,16.365000000000002,15.003928571428576,0.00584887733962386
2013-05-07,16.494999999999997,15.132142857142863,0.008509075884259929
2013-05-08,16.48,15.292857142857148,0.010564718523068813
2013-05-09,16.365000000000002,15.468571428571435,0.011424449710408756
2013-05-10,16.27,15.621428571428579,0.009833282376676501
2013-05-13,16.185,15.744285714285722,0.007833889580673763
2013-05-14,16.03,15.87035714285715,0.007975550912775518
2013-05-15,15.5,15.931785714285724,0.0038631766483061608
2013-05-16,15.32,15.971071428571436,0.0024628348468769424
2013-05-17,15.575,15.998571428571436,0.0017203824831928582
2013-05-20,15.625,15.995000000000006,-0.00022325913780763844
2013-05-21,15.675,15.987500000000008,-0.0004690064965201468
2013-05-22,15.809999999999999,15.985000000000008,-0.00015638439315629295
2013-05-23,15.68,15.955357142857151,-0.0018561386474712646
2013-05-24,15.82,15.916428571428579,-0.0024428245807153557
2013-05-28,15.92,15.87535714285715,-0.0025837775700694025
2013-05-29,15.8,15.826785714285721,-0.0030642387043458
2013-05-30,16.025,15.802500000000007,-0.0015356476448862787
2013-05-31,16.11,15.791071428571433,-0.0007234745177767288
2013-06-03,16.1,15.785000000000005,-0.00038455883658519447
2013-06-04,16.12,15.791428571428577,0.0004071753398487365
2013-06-05,15.91,15.82071428571429,0.0018528147741215275
2013-06-06,15.785,15.853928571428577,0.0020972168834234375
2013-06-07,15.684999999999999,15.86178571428572,0.0004954731870202134
2013-06-10,15.775,15.872500000000006,0.0006752498680990141
2013-06-11,15.595,15.86678571428572,-0.00036007652015016976
2013-06-12,15.57,15.849642857142863,-0.0010810081452676055
2013-06-13,15.51,15.837500000000004,-0.000766421749792838
2013-06-14,15.455,15.811428571428577,-0.001647539783845542
2013-06-17,15.42,15.77571428571429,-0.0022613188596857666
2013-06-18,15.415,15.748214285714289,-0.0017447068447404256
2013-06-19,15.26,15.693571428571431,-0.0034758148059656916
2013-06-20,14.93,15.609285714285717,-0.005385190086217903
2013-06-21,14.86,15.52071428571429,-0.005690438006716514
2013-06-24,14.465,15.402500000000003,-0.0076457033534970825
2013-06-25,14.435,15.29714285714286,-0.006863764309750209
2013-06-26,14.325,15.192857142857147,-0.006840677005905519
2013-06-27,14.16,15.083928571428574,-0.007195548592631196
2013-06-28,14.07,14.96214285714286,-0.008106642595885534
2013-07-01,14.5,14.883928571428573,-0.00524118994671679
2013-07-02,14.795,14.828571428571431,-0.003726189779224477
2013-07-03,15.03,14.794285714285717,-0.002314815848451375
2013-07-05,14.96,14.758928571428573,-0.0023927793020939838
2013-07-08,14.91,14.722500000000002,-0.002471290689340875
2013-07-09,14.925,14.687500000000004,-0.0023801439322109464
2013-07-10,15.01,14.669642857142861,-0.0012165451622041087
2013-07-11,15.184999999999999,14.687857142857146,0.0012408609759949137
2013-07-12,15.25,14.715714285714288,0.0018948141221202394
2013-07-15,15.225,14.770000000000001,0.0036821747029996904
2013-07-16,15.295,14.831428571428573,0.004150384800481146
2013-07-17,15.36,14.905357142857143,0.00497220677777208
2013-07-18,15.45,14.9975,0.006162832423569308
2013-07-19,15.325,15.087142857142856,0.005959394157958488
2013-07-22,15.285,15.143214285714285,0.0037096149812250053
2013-07-23,15.085,15.163928571428572,0.0013669575543587664
2013-07-24,15.705,15.21214285714286,0.003174493865492328
2013-07-25,15.7,15.265,0.0034686450826953534
2013-07-26,15.65,15.317857142857145,0.003456655160789706
2013-07-29,15.865,15.385000000000002,0.004373727426374165
2013-07-30,16.130000000000003,15.465000000000002,0.005186397363027712
2013-07-31,16.205,15.537857142857145,0.004700036299319442
2013-08-01,16.295,15.612500000000002,0.0047924330153436
2013-08-02,16.439999999999998,15.699285714285718,0.005543339962227894
2013-08-05,16.685000000000002,15.798571428571433,0.006304304618031628
2013-08-06,16.665,15.891785714285719,0.005882833956201314
2013-08-07,16.585,15.97285714285715,0.0050884991158069125
2013-08-08,16.515,16.057857142857152,0.005307418296696144
2013-08-09,16.305,16.130714285714294,0.004526902813294676
2013-08-12,16.505000000000003,16.232142857142865,0.006268229228375513
2013-08-13,17.15,16.335357142857152,0.0063385050299250645
2013-08-14,17.79,16.484642857142866,0.009097303099914309
2013-08-15,17.755000000000003,16.63500000000001,0.009079697898271108
2013-08-16,17.9,16.78035714285715,0.008700075183429782
2013-08-19,18.07,16.918928571428577,0.008224044317587418
2013-08-20,18.049999999999997,17.050714285714292,0.007759067470837052
2013-08-21,17.965,17.170000000000005,0.006971578467089518
2013-08-22,18.0,17.281428571428574,0.00646875700705927
2013-08-23,17.93,17.37035714285715,0.00513270902658762
2013-08-26,17.92,17.460000000000004,0.005147409468425069
2013-08-27,17.619999999999997,17.533928571428575,0.004225229028639123
2013-08-28,17.445,17.60035714285715,0.0037814146059190726
2013-08-29,17.56,17.690000000000005,0.005080314125679531
2013-08-30,17.485,17.76000000000001,0.003949229392330247
2013-09-03,17.53,17.78714285714286,0.0015271473449835976
2013-09-04,17.825,17.789642857142862,0.00014054108340155215
2013-09-05,17.78,17.79142857142858,0.00010037439658326032
2013-09-06,17.795,17.78392857142858,-0.0004216401865480352
2013-09-09,18.06,17.78321428571429,-4.016548179048358e-05
2013-09-10,17.875,17.77071428571429,-0.0007031572046908014
2013-09-11,16.689999999999998,17.679642857142863,-0.005137980898344067
2013-09-12,16.805,17.594285714285718,-0.004839682616633132
2013-09-13,16.68,17.505000000000003,-0.005087619594357384
2013-09-16,16.27,17.38714285714286,-0.006755537575476834
2013-09-17,16.130000000000003,17.280714285714286,-0.006139918330714859
2013-09-18,16.57,17.218214285714286,-0.0036233048946632722
2013-09-19,16.84,17.166785714285712,-0.002991339815479288
2013-09-20,16.880000000000003,17.123571428571427,-0.002520493351072592
2013-09-23,17.619999999999997,17.13,0.00037535189680610996
2013-09-24,17.57,17.111785714285713,-0.001063863174904756
2013-09-25,17.335,17.08,-0.001859260800699955
2013-09-26,17.36,17.04892857142857,-0.0018208269908587956
2013-09-27,17.259999999999998,16.991785714285708,-0.0033573273661499955
2013-09-30,17.035,16.93178571428571,-0.003537367089497028
2013-10-01,17.259999999999998,16.972499999999993,0.0024017202797467206
2013-10-02,17.41,17.015714285714278,0.0025428996438311723
2013-10-03,17.39,17.066428571428563,0.0029760055496844684
2013-10-04,17.265,17.137499999999992,0.004155752501252213
2013-10-07,17.4,17.228214285714277,0.005279360449567131
2013-10-08,17.34,17.283214285714276,0.003187352644602175
2013-10-09,17.345,17.3192857142857,0.0020849037865916078
2013-10-10,17.52,17.364999999999988,0.0026360244268432797
2013-10-11,17.495,17.35607142857142,-0.0005143027710849021
2013-10-14,17.604999999999997,17.35857142857142,0.00014403144025486078
2013-10-15,17.79,17.39107142857142,0.0018705233667971478
2013-10-16,17.895,17.429285714285705,0.002194940212691291
2013-10-17,17.939999999999998,17.477857142857136,0.002782895186639251
2013-10-18,18.12,17.555357142857137,0.004424380006394671
2013-10-21,18.450000000000003,17.640357142857138,0.00483014292968018
2013-10-22,18.685000000000002,17.731428571428566,0.005149393957456657
2013-10-23,18.645,17.821071428571425,0.005042854770483387
2013-10-24,18.875,17.936071428571427,0.0064323034401863235
2013-10-25,18.880000000000003,18.041785714285712,0.0058766473795876725
2013-10-28,18.905,18.153571428571425,0.00617681816252931
2013-10-29,18.799999999999997,18.257499999999997,0.005708640234474796
2013-10-30,18.655,18.338571428571424,0.004430615529393935
2013-10-31,18.71,18.425357142857138,0.004721251447491938
2013-11-01,18.64,18.49928571428571,0.004004299811268512
2013-11-04,18.71,18.56499999999999,0.003545966328760947
2013-11-05,18.755,18.626428571428562,0.0033033755168136642
2013-11-06,18.66,18.677857142857135,0.0027572490948774508
2013-11-07,18.43,18.699999999999992,0.0011848116198065644
2013-11-08,18.485,18.702499999999993,0.000133680903882089
2013-11-11,18.555,18.69321428571428,-0.0004966191797067095
2013-11-12,18.53,18.684999999999995,-0.00043952264726895374
2013-11-13,18.545,18.661428571428566,-0.0012623124942886489
2013-11-14,18.765,18.65321428571428,-0.00044027144402369265
2013-11-15,18.78,18.64428571428571,-0.0004787758750117271
2013-11-18,18.634999999999998,18.632499999999997,-0.0006323353504111376
2013-11-19,18.549999999999997,18.625,-0.00040260350808842536
2013-11-20,18.465,18.607499999999998,-0.0009400390136946187
2013-11-21,18.549999999999997,18.60107142857143,-0.00034554250516566045
2013-11-22,18.555,18.590000000000003,-0.0005953810134100565
2013-11-25,18.655,18.582857142857147,-0.0003843049891654364
2013-11-26,18.884999999999998,18.598928571428576,0.0008644786291763669
2013-11-27,19.325,18.662857142857145,0.0034313242335327018
2013-11-29,19.740000000000002,18.7525,0.004791777254757874
2013-12-02,19.810000000000002,18.842142857142857,0.004768925582107486
2013-12-03,20.085,18.95321428571429,0.005877533999853779
2013-12-04,20.189999999999998,19.070714285714285,0.006180338456466708
2013-12-05,20.365000000000002,19.185000000000002,0.005974848798833536
2013-12-06,20.105,19.279642857142864,0.004921041304799335
2013-12-09,20.130000000000003,19.386428571428578,0.005523498086786534
2013-12-10,20.165,19.50178571428572,0.0059327733780320715
2013-12-11,20.15,19.622142857142865,0.006152629703958562
2013-12-12,20.049999999999997,19.72928571428572,0.005445450180113483
2013-12-13,19.950000000000003,19.828928571428577,0.005037794029957081
2013-12-16,19.865000000000002,19.915357142857147,0.004349239449879476
2013-12-17,19.835,19.98321428571429,0.0034014856098192325
2013-12-18,19.65,20.006428571428575,0.0011610150360615492
2013-12-19,19.535,19.99178571428572,-0.0007321755762598088
2013-12-20,19.545,19.972857142857148,-0.0009472659576434319
2013-12-23,20.325,19.990000000000006,0.0008579395678888822
2013-12-24,20.310000000000002,19.998571428571434,0.0004286939191118677
2013-12-26,20.215,19.987857142857145,-0.0005358961204332367
2013-12-27,20.07,19.985357142857143,-0.00012508376161059234
2013-12-30,19.855,19.965714285714288,-0.000983345778889075
2013-12-31,19.915,19.947857142857146,-0.0008947905892381988
2014-01-02,19.8,19.922857142857147,-0.0012540534436981498
2014-01-03,19.535,19.886071428571434,-0.001848114283705193
2014-01-06,19.310000000000002,19.84035714285715,-0.0023014556070643493
2014-01-07,19.365000000000002,19.804642857142863,-0.0018017048997563054
2014-01-08,19.325,19.768214285714294,-0.0018410892894061034
2014-01-09,19.345,19.746428571428584,-0.001102665488935631
2014-01-10,19.155,19.71928571428572,-0.001375516035310313
2014-01-13,19.03,19.682500000000008,-0.0018672110568881367
2014-01-14,19.365000000000002,19.61392857142858,-0.003489960826632452
2014-01-15,19.84,19.58035714285715,-0.0017130781270592204
2014-01-16,19.805,19.55107142857144,-0.0014967876626242177
2014-01-17,19.505,19.510714285714297,-0.002066324233701184
2014-01-21,19.465,19.48285714285715,-0.0014288071892747613
2014-01-22,19.689999999999998,19.46678571428572,-0.0008252414299386401
2014-01-23,19.75,19.46321428571429,-0.0001834795058540806
2014-01-24,19.645,19.47107142857143,0.00040361048467458995
2014-01-27,19.655,19.495714285714286,0.0012648136086332367
2014-01-28,18.130000000000003,19.4075,-0.004535071897010797
2014-01-29,17.939999999999998,19.30857142857143,-0.005110476506922294
2014-01-30,17.9,19.205357142857142,-0.005359854818140518
2014-01-31,17.78,19.107142857142858,-0.005127021251832878
2014-02-03,17.93,19.02857142857143,-0.004120627669827216
2014-02-04,18.12,18.939642857142854,-0.004684378010278089
2014-02-05,18.2,18.822499999999998,-0.0062042682985571935
2014-02-06,18.259999999999998,18.712142857142855,-0.00588029896915854
2014-02-07,18.59,18.64678571428571,-0.0034988802962183175
2014-02-10,18.705,18.592499999999998,-0.002915509881445319
2014-02-11,19.045,18.54642857142857,-0.0024810329202488027
2014-02-12,19.16,18.504285714285714,-0.0022748751882180405
2014-02-13,19.265,18.47714285714286,-0.0014679185237178104
2014-02-14,19.4,18.45892857142857,-0.0009862601238437596
2014-02-18,19.5,18.556785714285713,0.005287342023234189
2014-02-19,19.325000000000003,18.655714285714282,0.005316966314478302
2014-02-20,19.005,18.734642857142855,0.004221874017606437
2014-02-21,18.895000000000003,18.814285714285713,0.004242090499313358
2014-02-24,18.759999999999998,18.873571428571427,0.0031461466733434043
2014-02-25,18.775,18.92035714285714,0.0024758335506731765
2014-02-26,18.59,18.94821428571428,0.00147125422645656
2014-02-27,18.66,18.97678571428571,0.0015067334991050788
2014-02-28,18.845,18.995,0.0009593589960887973
2014-03-03,18.770000000000003,18.999642857142856,0.0002443953577046523
2014-03-04,18.965,18.99392857142857,-0.000300802769653613
2014-03-05,18.985,18.98142857142857,-0.0006583216797367788
2014-03-06,18.995,18.962142857142855,-0.0010165472157933802
2014-03-07,18.955,18.93035714285714,-0.0016776787882071108
2014-03-10,18.915,18.888571428571428,-0.0022097786937838614
2014-03-11,19.134999999999998,18.875,-0.0007187577150303585
2014-03-12,19.125,18.88357142857143,0.00045401234180052517
2014-03-13,19.07,18.896071428571428,0.0006617320604856342
2014-03-14,18.814999999999998,18.900000000000002,0.00020788252822230934
2014-03-17,18.83,18.903928571428573,0.00020783932205820983
2014-03-18,18.880000000000003,18.92464285714286,0.0010951662726029884
2014-03-19,18.990000000000002,18.94821428571429,0.0012447664841374762
2014-03-20,18.9,18.95214285714286,0.00020731052363610097
2014-03-21,19.015,18.969642857142862,0.0009229523827870066
2014-03-24,19.245,18.98964285714286,0.001053760705679433
2014-03-25,19.4,19.01928571428572,0.0015597842016019272
2014-03-26,19.4,19.048214285714288,0.0015198569381879422
2014-03-27,19.244999999999997,19.068928571428575,0.001086875153841733
2014-03-28,19.200000000000003,19.089285714285715,0.0010669862397662008
2014-03-31,19.215000000000003,19.095000000000002,0.0002993003875836616
2014-04-01,19.275,19.10571428571429,0.0005609468930397638
2014-04-02,19.375,19.1275,0.0011396225533507186
2014-04-03,19.29,19.161428571428576,0.001772239734815864
2014-04-04,19.134999999999998,19.18321428571429,0.001136310838049845
2014-04-07,18.78,19.17607142857143,-0.00037241867737684614
2014-04-08,18.725,19.157142857142862,-0.0009875807870391039
2014-04-09,18.805,19.15035714285715,-0.00035427602201583197
2014-04-10,18.825,19.13678571428572,-0.0007089288010058134
2014-04-11,18.549999999999997,19.08714285714286,-0.0025974768638085607
2014-04-14,18.634999999999998,19.032500000000006,-0.0028669153472586665
2014-04-15,18.54,18.971071428571438,-0.0032327816896132247
2014-04-16,18.52,18.919285714285724,-0.0027334525422749566
2014-04-17,18.66,18.880714285714298,-0.0020408170348525647
2014-04-21,18.865000000000002,18.855714285714296,-0.0013249798459397221
2014-04-22,18.93,18.83107142857144,-0.001307771951783562
2014-04-23,18.814999999999998,18.79107142857144,-0.002126408122149071
2014-04-24,20.285,18.862142857142867,0.0037750568881414984
2014-04-25,20.295,18.945000000000014,0.004383154570805555
2014-04-28,20.84,19.09214285714287,0.007736837210713868
2014-04-29,21.174999999999997,19.26714285714287,0.009124320792174727
2014-04-30,21.12,19.43250000000001,0.008545719648784663
2014-05-01,21.130000000000003,19.59714285714287,0.008436860893624309
2014-05-02,21.16,19.78357142857144,0.00946808444190012
2014-05-05,21.27,19.971785714285726,0.009468695816297518
2014-05-06,21.36,20.173214285714298,0.010035135723674182
2014-05-07,21.205,20.365000000000013,0.009462042102642027
2014-05-08,21.005000000000003,20.53250000000001,0.008191255531834273
2014-05-09,20.895,20.67750000000001,0.007037155951714043
2014-05-12,21.075000000000003,20.830714285714294,0.007382393301904286
2014-05-13,21.175,20.999285714285723,0.00805987765367641
2014-05-14,21.185000000000002,21.063571428571436,0.003056652291584316
2014-05-15,21.134999999999998,21.123571428571434,0.0028444704424866935
2014-05-16,21.18,21.147857142857152,0.0011490369631907324
2014-05-19,21.47,21.168928571428577,0.000995889926765278
2014-05-20,21.595,21.202857142857145,0.0016014703231416027
2014-05-21,21.61,21.23714285714286,0.0016157267551600548
2014-05-22,21.675,21.273928571428574,0.0017306420295237603
2014-05-23,21.810000000000002,21.312500000000004,0.0018114427723775503
2014-05-27,22.17,21.37035714285715,0.0027110264947530125
2014-05-28,22.325,21.450357142857147,0.003736513713577334
2014-05-29,22.555,21.561071428571434,0.005148144756721208
2014-05-30,22.7,21.690000000000005,0.005961884829995871
2014-06-02,22.545,21.79500000000001,0.004829260851573112
2014-06-03,22.61,21.897500000000008,0.004691889364750982
2014-06-04,22.9,22.020000000000007,0.0055786562394267445
2014-06-05,23.1,22.16035714285715,0.006353847009604285
2014-06-06,23.134999999999998,22.300000000000008,0.006281700161935087
2014-06-09,23.295,22.43035714285715,0.005828592491985001
2014-06-10,23.619999999999997,22.575000000000006,0.0064278283449909325
2014-06-11,23.495,22.70964285714286,0.005946530453104395
2014-06-12,23.29,22.825000000000006,0.0050667967248785965
2014-06-13,22.935000000000002,22.90535714285715,0.0035143930896235132
2014-06-16,22.965,22.962142857142858,0.002476077540667568
2014-06-17,23.049999999999997,23.013928571428576,0.0022527255842740295
2014-06-18,23.060000000000002,23.050000000000004,0.0015661467470600146
2014-06-19,23.015,23.0725,0.0009756627149371478
2014-06-20,22.845,23.09392857142857,0.0009283184179731896
2014-06-23,22.77,23.10535714285714,0.0004947510111896862
2014-06-24,22.630000000000003,23.086071428571426,-0.0008350343777102972
2014-06-25,22.57,23.048214285714284,-0.0016411721030547312
2014-06-26,22.66,23.014285714285712,-0.0014731539783774507
2014-06-27,22.85,22.982499999999998,-0.001382084371842713
2014-06-30,23.125,22.947142857142858,-0.001539622241411063
2014-07-01,23.38,22.93892857142857,-0.0003580295957487465
2014-07-02,23.42,22.948214285714283,0.0004047196593333388
2014-07-03,23.465000000000003,22.986071428571428,0.001648317845365267
2014-07-07,23.765,23.04321428571429,0.0024828926024851126
2014-07-08,23.955,23.107857142857142,0.002801360723219195
2014-07-09,23.855,23.16464285714286,0.002454405653148168
2014-07-10,23.6,23.206428571428575,0.001802232482819668
2014-07-11,23.82,23.27607142857143,0.0029965216696151114
2014-07-14,24.035,23.366428571428575,0.003874460240754739
2014-07-15,24.015,23.465357142857147,0.004224853572028253
2014-07-16,23.97,23.565357142857145,0.00425254654197746
2014-07-17,23.515,23.62642857142857,0.002588224274190722
2014-07-18,23.509999999999998,23.673571428571424,0.0019933561417720667
2014-07-21,23.619999999999997,23.70892857142857,0.0014924138413853994
2014-07-22,23.675,23.729999999999997,0.0008883602809650142
2014-07-23,24.08,23.777142857142852,0.001984664611754996
2014-07-24,24.26,23.83392857142857,0.0023854006855294416
2014-07-25,24.315,23.873214285714283,0.0016469535089710444
2014-07-28,24.6,23.919285714285714,0.0019279779397366429
2014-07-29,24.71,23.98035714285714,0.0025499756583159945
2014-07-30,24.575,24.049999999999994,0.0028999536997895894
2014-07-31,24.095,24.069642857142856,0.0008164174573048632
2014-08-01,23.880000000000003,24.058571428571423,-0.00046008059642529617
2014-08-04,23.994999999999997,24.057142857142853,-5.938065973649363e-05
2014-08-05,23.810000000000002,24.045714285714286,-0.0004751722588811589
2014-08-06,23.715,24.06,0.0005939300525008986
2014-08-07,23.675,24.071785714285713,0.0004897268757584136
2014-08-08,23.625,24.072142857142858,1.4836465064240151e-05
2014-08-11,23.91,24.08892857142857,0.0006970656784615852
2014-08-12,24.0,24.083214285714288,-0.000237244407334369
2014-08-13,24.174999999999997,24.07714285714286,-0.00025213386958833757
2014-08-14,24.354999999999997,24.080000000000005,0.00011865915172646455
2014-08-15,24.490000000000002,24.07214285714286,-0.0003263465532650421
2014-08-18,24.705,24.071785714285717,-1.4836465064125289e-05
2014-08-19,24.990000000000002,24.101428571428578,0.001230678140279251
2014-08-20,25.125,24.175000000000004,0.003047925776787771
2014-08-21,25.14,24.265000000000004,0.00371594151782158
2014-08-22,25.2,24.35107142857143,0.0035408668767605957
2014-08-25,25.42,24.466071428571432,0.004711468389973727
2014-08-26,25.29,24.578571428571433,0.004587665064262334
2014-08-27,25.39,24.70107142857143,0.004971637179927925
2014-08-28,25.479999999999997,24.833571428571435,0.0053498040310469355
2014-08-29,25.665,24.958928571428576,0.005035192356560663
2014-09-02,25.795,25.08714285714286,0.005123861376738326
2014-09-03,25.255,25.164285714285718,0.0030702775994832553
2014-09-04,24.62,25.18321428571429,0.0007519170691848168
2014-09-05,24.72,25.199642857142862,0.0006521492802301091
2014-09-08,24.71,25.200000000000006,1.4172436029410353e-05
2014-09-09,24.634999999999998,25.17464285714286,-0.0010067424227996362
2014-09-10,24.875,25.156785714285718,-0.0007095822277750983
2014-09-11,25.23,25.163214285714293,0.00025550760983903813
2014-09-12,25.36,25.174642857142864,0.0004540746179363227
2014-09-15,25.555,25.18428571428572,0.00038296514776062386
2014-09-16,25.08,25.169285714285717,-0.0005957869528672778
2014-09-17,25.355,25.16678571428572,-9.933234482153397e-05
2014-09-18,25.465,25.16571428571429,-4.257402559338953e-05
2014-09-19,25.405,25.147142857142857,-0.0007382379164891097
2014-09-22,25.355,25.115714285714287,-0.0012505686031826456
2014-09-23,25.405,25.12642857142857,0.0004265059277890533
2014-09-24,25.490000000000002,25.18857142857143,0.0024701535820623385
2014-09-25,24.799999999999997,25.194285714285716,0.00022683452518731056
2014-09-26,24.91,25.208571428571435,0.000566861304222051
2014-09-29,24.845,25.223571428571436,0.0005948587385951153
2014-09-30,25.195,25.246428571428577,0.0009057715244640526
2014-10-01,24.975,25.228214285714294,-0.0007217202727498581
2014-10-02,24.9,25.195357142857148,-0.0013032455487294041
2014-10-03,24.884999999999998,25.147500000000004,-0.0019012491538690105
2014-10-06,24.95,25.13821428571429,-0.00036931818601594813
2014-10-07,24.775,25.096785714285716,-0.0016493910946848264
2014-10-08,24.945,25.059642857142858,-0.001481080889947196
2014-10-09,25.32,25.053571428571427,-0.0002423084883967291
2014-10-10,25.175,25.040714285714284,-0.0005133177549547674
2014-10-13,25.14,25.02178571428571,-0.0007561976461653408
2014-10-14,24.895000000000003,24.97928571428571,-0.0016999639815997287
2014-10-15,24.439999999999998,24.953571428571422,-0.0010299546013910717
2014-10-16,23.98,24.88714285714285,-0.0026656363864462026
2014-10-17,24.4,24.855357142857137,-0.0012780104985492457
2014-10-20,24.759999999999998,24.824285714285708,-0.001250871819355964
2014-10-21,25.685000000000002,24.874999999999993,0.0020408463658067254
2014-10-22,25.73,24.93428571428571,0.0023805096351956125
2014-10-23,26.115000000000002,25.022142857142853,0.003517354460622623
2014-10-24,26.3,25.118571428571425,0.0038463229606595702
2014-10-27,26.245,25.22357142857143,0.004171461376106216
2014-10-28,26.515,25.335714285714285,0.004436100687077071
2014-10-29,26.744999999999997,25.4375,0.004009431038496224
2014-10-30,26.744999999999997,25.549642857142857,0.004398875155186382
2014-10-31,27.0,25.6825,0.005186487750281573
2014-11-03,27.200000000000003,25.84714285714286,0.006390240967410222
2014-11-04,27.244999999999997,26.047500000000003,0.007721727228509916
2014-11-05,27.240000000000002,26.280357142857145,0.008899989130716155
2014-11-06,27.16,26.477500000000003,0.007473532300769252
2014-11-07,27.22,26.65321428571429,0.006614438699453752
2014-11-10,27.23,26.763571428571435,0.004131933376030396
2014-11-11,27.295,26.87535714285715,0.00416808758490208
2014-11-12,27.575,26.979642857142863,0.0038728379772736163
2014-11-13,28.075,27.106428571428577,0.004688303038766341
2014-11-14,28.42,27.26178571428572,0.005715014471096512
2014-11-17,28.535,27.406071428571437,0.005278642948846662
2014-11-18,28.68,27.544285714285724,0.005030525163934744
2014-11-19,28.765,27.688571428571436,0.005224645255099291
2014-11-20,28.905,27.824642857142862,0.004902317505335894
2014-11-21,29.25,27.971071428571435,0.005248751072411131
2014-11-24,29.435000000000002,28.127500000000005,0.005576932634252145
2014-11-25,29.585,28.295000000000005,0.005937365131397211
2014-11-26,29.619999999999997,28.470714285714287,0.0061908794469185445
2014-11-28,29.775,28.653214285714284,0.006389638299798084
2014-12-01,29.235,28.79642857142857,0.0049857431745684595
2014-12-02,28.52,28.883928571428566,0.0030339641241338786
2014-12-03,28.96,28.98285714285714,0.0034191865536414693
2014-12-04,28.905,29.042142857142856,0.0020434548872279063
2014-12-05,28.875,29.074642857142855,0.001118437745254503
2014-12-08,28.310000000000002,29.058571428571423,-0.0005529172669478406
2014-12-09,28.04,29.01285714285714,-0.0015744160693773048
2014-12-10,28.295,28.979285714285712,-0.0011577924410997376
2014-12-11,27.990000000000002,28.913928571428567,-0.0022578525455480974
2014-12-12,27.52,28.79035714285714,-0.004282926854937708
2014-12-15,27.365000000000002,28.642499999999995,-0.005148880862475556
2014-12-16,26.64,28.432142857142853,-0.007371332866315283
2014-12-17,27.065,28.249642857142852,-0.006439480631823926
2014-12-18,28.064999999999998,28.127499999999998,-0.00433306982441473
